대학, 148
대학원, 108
창, 105
학부, 50
연구, 34
안내, 33
중앙, 29
현황, 25
캠퍼스, 25
예술, 23
및, 21
교수, 19
정보, 18
학생, 18
열기, 18
전문, 17
대학원입학, 15
학생증, 15
공고, 14
국제, 14
행정, 14
개발, 14
산학, 14
교육, 13
중앙대, 13
학과, 13
시스템, 13
센터, 13
회, 12
투어, 12
영상, 12
교육대학, 12
단, 12
복지, 11
간호, 11
융합, 11
팀, 11
대학교, 10
메뉴, 10
코로나, 10
모바일, 10
외국인, 10
일반, 10
특수, 10
사회, 10
서비스, 10
공과대학, 10
협력, 10
감염, 9
예방, 9
방안, 9
입학, 9
경영, 9
전자, 9
학사정보, 9
학사, 9
생활, 9
홍보, 9
스마트, 9
이사장, 8
인사말, 8
역대, 8
총장, 8
활동, 8
이념, 8
역사, 8
목표, 8
방침, 8
상징, 8
등록금, 8
기관, 8
소프트웨어, 8
포탈, 8
성과, 8
입력, 8
공시, 7
첨단, 7
커뮤니케이션, 7
글로벌, 7
건강, 7
보안, 7
다빈치, 7
설계, 7
학기, 7
사업, 7
대사, 7
사랑, 7
지원, 7
미디어, 7
입찰, 6
채용, 6
맵, 6
법학, 6
건설, 6
창업, 6
국악, 6
인적자원, 6
심리, 6
물리학, 6
생명공학, 6
